author_id,author_ar,author_ar_shuhra,author_lat,author_lat_shuhra,author_auto,au_death
0001AbuTalibCabdManaf,أبو طالب,NODATA,Abu Ṭālib Cabd Manāf,Abu Ṭālib Cabd Manāf,Abu Talib Cabd Manaf,1
0001AwsIbnHajar,أوس بن حجر,NODATA,Aws b. Ḥajar,Aws b. Ḥajar,Aws Ibn Hajar,1
0001CalqamaFahl,علقمة الفحل,NODATA,ʿAlqamah al-Fiḥl,ʿAlqamah al-Fiḥl,Calqama Fahl,1
0001CamrIbnKulthum,عمرو بن كلثوم,NODATA,ʿAmr b. Kulthūm,ʿAmr b. Kulthūm,Camr Ibn Kulthum,1
0001CamrIbnMalik,عمرو بن مالك,NODATA,ʿAmr b. Mālik,ʿAmr b. Mālik,Camr Ibn Malik,1
0001CamrIbnQumaya,عمرو بن قميئة,NODATA,ʿAmr b. Qumayyah,ʿAmr b. Qumayyah,Camr Ibn Qumaya,1
0001CantaraIbnShaddad,عنترة بن شداد,NODATA,ʿAntarah b. Shaddād,ʿAntarah b. Shaddād,Cantara Ibn Shaddad,1
0001CurwaIbnWard,عروة بن الورد,NODATA,ʿUrwah b. al-Ward,ʿUrwah b. al-Ward,Curwa Ibn Ward,1
0001HajibIbnMudallil,حاجب بن حبيب,NODATA,Ḥājib b. Ḥabīb,Ḥājib b. Ḥabīb,Hajib Ibn Mudallil,1
0001HarithIbnHilliza,الحارث بن حلزة,NODATA,al-Ḥārith b. Ḥilāzah,al-Ḥārith b. Ḥilāzah,Harith Ibn Hilliza,1
0001HatimTai,حاتم الطائي,NODATA,Ḥātim al-Ṭāʾī,Ḥātim al-Ṭāʾī,Hatim Tai,1
0001ImruQaysIbnHujr,امرؤ القيس,NODATA,Imru Qays b. Hujr,Imru Qays b. Hujr,Imru Qays Ibn Hujr,1
0001LaqitIbnYacmur,لقيط بن يعمر الإيادي,NODATA,Laqīṭ b. Yacmur al-Iyādī,Laqīṭ b. Yacmur al-Iyādī,Laqit Ibn Yacmur,1
0001MuhalhilIbnRabica,مهلهل بن ربيعة,NODATA,Muhallil b. Rabīʿah,Muhallil b. Rabīʿah,Muhalhil Ibn Rabica,1
0001MuthaqqibCabdi,المثقب العبدي,NODATA,al-Muthaqqib al-ʿAbdī,al-Muthaqqib al-ʿAbdī,Muthaqqib Cabdi,1
0001NabighaDhubyani,النابغة الذبياني,NODATA,al-Nābighah al-Dhubyānī,al-Nābighah al-Dhubyānī,Nabigha Dhubyani,1
0001QaysIbnKhatim,قيس بن الخطيم,NODATA,Qays b. al-Khaṭīm,Qays b. al-Khaṭīm,Qays Ibn Khatim,1
0001Quran,قرآن,NODATA,Qurʾān,Qurʾān,Quran,1
0001SalamaIbnJandal,سلامة بن جندل,NODATA,Salāmah b. Jandal,Salāmah b. Jandal,Salama Ibn Jandal,1
0001SamawalIbnCadiya,السموأل,NODATA,al-Samawʾal b. Cadīyah,al-Samawʾal b. Cadīyah,Samawal Ibn Cadiya,1
0001Shanfara,عمرو بن مالك الأزدي توفي في عام 70 قبل الهجرة,الشنفري,al-Shanfara,al-Shanfara,Shanfara,1
0001SulaykIbnSulaka,السليك بن عمرو,NODATA,al-Sulayk b. Sulaka,al-Sulayk b. Sulaka,Sulayk Ibn Sulaka,1
0001TaabbataSharran,ثابت بن جابر,NODATA,Thābit b. Jābir,Thābit b. Jābir,Taabbata Sharran,1
0001TarafaIbnCabd,طرفة بن العبد,NODATA,Ṭarafah b. al-ʿAbd,Ṭarafah b. al-ʿAbd,Tarafa Ibn Cabd,1
0001TufaylGhanawi,طفيل الغنوي,NODATA,Ṭufayl al-Ghanawī,Ṭufayl al-Ghanawī,Tufayl Ghanawi,1
0001ZuhayrIbnAbiSulma,زهير بن أبي سلمى,NODATA,Zuhayr b. Abī Sulmā,Zuhayr b. Abī Sulmā,Zuhayr Ibn Abi Sulma,1
0005Hadira,الحادرة,NODATA,al-Ḥādirah,al-Ḥādirah,Hadira,5
0007MaymunIbnQaysAcsha,الأعشى,NODATA,al-Aʿshá Maymūn b. Qays Acshá,al-Aʿshá Maymūn b. Qays Acshá,Maymun Ibn Qays Acsha,7
0011CamirIbnTufayl,عامر بن الطفيل,NODATA,ʿĀmir b. al-Ṭufayl,ʿĀmir b. al-Ṭufayl,Camir Ibn Tufayl,11
0021CamrZubaydi,عمرو بن معدي كرب,NODATA,ʿAmr b. Maʿdī Karib,ʿAmr b. Maʿdī Karib,Camr Zubaydi,21
0022ShammakhIbnDirar,الشماخ بن ضرار,NODATA,al-Shammakh b. Dirār,al-Shammakh b. Dirār,Shammakh Ibn Dirar,22
0024TumadirBinCamrKhansa,الخنساء,NODATA,al-Khansāʾ Tumādir b. Camr Khansā,al-Khansāʾ Tumādir b. Camr Khansā,Tumadir Bin Camr Khansa,24
0026KacbIbnZuhayr,كعب بن زهير,NODATA,Kacb b. Zuhayr,Kacb b. Zuhayr,Kacb Ibn Zuhayr,26
0030CurwaIbnHizam,عروة بن حزام,NODATA,ʿUrwah b. Ḥizām,ʿUrwah b. Ḥizām,Curwa Ibn Hizam,30
0037IbnMuqbil,ابن مقبل,NODATA,Ibn Muqbil,Ibn Muqbil,Ibn Muqbil,37
0040CaliIbnAbiTalib,علي بن أبي طالب,NODATA,ʿAlī b. Abī Ṭālib,ʿAlī b. Abī Ṭālib,Cali Ibn Abi Talib,40
0041LabidIbnRabica,لبيد بن ربيعة العامري,NODATA,Labīd b. Rabīʿah al-ʿĀmirī,Labīd b. Rabīʿah al-ʿĀmirī,Labid Ibn Rabica,41
0045JarwalIbnAwsHutaya,الحطيئة,NODATA,al-Ḥuṭayʿah Jarwal b. Aws Hutayyah,al-Ḥuṭayʿah Jarwal b. Aws Hutayyah,Jarwal Ibn Aws Hutaya,45
0050KhirniqBintBadr,الخرنق بنت بدر,NODATA,al-Khirniq bint Badr,al-Khirniq bint Badr,Khirniq Bint Badr,50
0054HassanIbnThabit,حسان بن ثابت,NODATA,Ḥassān b. Thābit,Ḥassān b. Thābit,Hassan Ibn Thabit,54
0060MucawiyaIbnAbiSufyan,معاوية بن أبي سفيان,NODATA,Mucawiya b. Abī Sufyan,Mucawiya b. Abī Sufyan,Mucawiya Ibn Abi Sufyan,60
0060SuwaydIbnAbiKahil,ابن أبي كاهل,NODATA,Ibn Abī Kāhil,Ibn Abī Kāhil,Suwayd Ibn Abi Kahil,60
0063AbuDihbilJumahi,أبو دهبل الجمحي,NODATA,Abu Dihbil al-Jumahī,Abu Dihbil al-Jumahī,Abu Dihbil Jumahi,63
0068CabdAllahIbnCabbas,عن الصحابي عبد الله بن عباس القرشي الهاشمي,NODATA,ʿAbd Allāh b. ʿAbbās,ʿAbd Allāh b. ʿAbbās,Cabd Allah Ibn Cabbas,68
0068QaysIbnDharihLubna,قيس لبنى,NODATA,Qays Lubnā,Qays Lubnā,Qays Ibn Dharih Lubna,68
0068QaysMajnunLayla,مجنون ليلى,NODATA,Majnūn Laylā,Majnūn Laylā,Qays Majnun Layla,68
0080LaylaAkhyaliyya,ليلى الأخيلية,NODATA,Laylā al-Akhīliyya,Laylā al-Akhīliyya,Layla Akhyaliyya,80
0080UqayshirAsadi,الأقيشر السعدي,NODATA,al-Uqayshir al-Saʿdī,al-Uqayshir al-Saʿdī,Uqayshir Asadi,80
0082JamilButhayna,جميل بثينة,NODATA,Jāmil Buthaynah,Jāmil Buthaynah,Jamil Buthayna,82
0085SulaymIbnQaysHilali,تحقيق محمد باقر الأنصاري,NODATA,Ṭahqīq Muḥammad Bāqir al-Anṣārī,Ṭahqīq Muḥammad Bāqir al-Anṣārī,Sulaym Ibn Qays Hilali,85
0090AkhtalShacir,الأخطل,NODATA,al-Aḫṭal Akhtal al-Shācīr,al-Aḫṭal Akhtal al-Shācīr,Akhtal Shacir,90
0090RaciNumayriShacir,الراعي النميري,NODATA,al-Rāʿī al-Numayrī Raci Numayri al-Shācīr,al-Rāʿī al-Numayrī Raci Numayri al-Shācīr,Raci Numayri Shacir,90
0090WaddahYaman,وضاح اليمن,NODATA,Waddāh al-Yaman,Waddāh al-Yaman,Waddah Yaman,90
0093IbnAbiRabica,عمر ابن أبي ربيعة,NODATA,ʿUmar b. Abī Rabīʿah,ʿUmar b. Abī Rabīʿah,Ibn Abi Rabica,93
0095CadiIbnRiqac,عدي بن الرقاع,NODATA,ʿAdī b. al-Raqāʿ,ʿAdī b. al-Raqāʿ,Cadi Ibn Riqac,95
0104MujahidIbnJabr,مجاهد,مجاهد بن جبر المخزومي التابعي أبو الحجاج,Mujāhid b. Jabr al-Makhzūmī al-Tābiʿī,Mujāhid b. Jabr al-Makhzūmī al-Tābiʿī,Mujahid Ibn Jabr,104
0105AhwasAnsari,الأحوص,NODATA,al-Aḥwaṣ Ahwas al-Ansārī,al-Aḥwaṣ Ahwas al-Ansārī,Ahwas Ansari,105
0105KuthayyirCazza,كثير عزة,NODATA,Kuthayyir ʿIzzah,Kuthayyir ʿIzzah,Kuthayyir Cazza,105
0110Farazdaq,الفرزدق,NODATA,al-Farazdaq,al-Farazdaq,Farazdaq,110
0110HasanBasri,أبو سعيد الحسن بن يسار البصري,الحسن البصري,"al-Ḥasan al-Baṣrī, Abū Saʿīd al-Ḥasan b. Yasār al-Baṣrī",al-Ḥasan al-Baṣrī,Hasan Basri,110
0110IbnSirin,ابن سيرين,NODATA,Ibn Sirin,Ibn Sīrīn,Ibn Sirin,110
0110JarirShacir,جرير,NODATA,Jarir Shacir,Jarīr Shacīr,Jarir Shacir,110
0117DhuRumma,ذو الرمة,NODATA,Dhu Rumma,Dhū al-Rummah,Dhu Rumma,117
0117IbnDicamaSadusi,قتادة بن دعامة السدوسي أبو الخطاب,قتادة السدوسي,Ibn Dicama Sadusi,Qatāda al-Sadūsī,Ibn Dicama Sadusi,117
0122ZaydIbnCali,زيد بن علي,NODATA,Zayd b. ʿAlī b. al-Ḥusayn b. ʿAlī b. Abī Ṭālib,NODATA,Zayd Ibn Cali,122
0124IbnShihabZuhri,الزهري,ابن شهاب الزهري,Ibn Shihab Zuhri,Ibn Shihāb al-Zuhrī,Ibn Shihab Zuhri,124
0125NabighaShaybani,النابغة الشيباني,NODATA,Nabigha Shaybani,al-Nābigha al-Shaybānī,Nabigha Shaybani,125
0125Tirimmah,الطرماح,NODATA,Tirimmah,al-Ṭirimmāḥ,Tirimmah,125
0126KumaytIbnZaydAsadi,كميت بن زيد الأسدي,NODATA,Kumayt Ibn Zayd Asadi,Kumayt b. Zayd al-Asadī,Kumayt Ibn Zayd Asadi,126
0128IbnAbiHabibMisri,يزيد بن أبى حبيب سويد الأزدى أبو رجاء المصرى مولى شريك الأزدى,NODATA,Ibn Abi Habib Misri,Ibn Abī Ḥabīb al-Miṣrī,Ibn Abi Habib Misri,128
0130CurwaIbnUdhayna,عروة بن أذينة,NODATA,Curwa Ibn Udhayna,ʿUrwa b. Udhayna,Curwa Ibn Udhayna,130
0130IbnBashirKhariji,محمد بن بشير الخارجي,NODATA,Ibn Bashir Khariji,Ibn Bashīr al-Kharijī,Ibn Bashir Khariji,130
0131ZubayrHamdani,"الزبير بن عدي أبو عدي الهمداني اليامي الكوفي،قاضي الري",NODATA,Zubayr Hamdani,al-Zubayr al-Hamdānī,Zubayr Hamdani,131
0132HammamIbnMunabbih,همام بن منبه,همام بن منبه الصنعاني,Hammam Ibn Munabbih,Hammām b. Munabbih al-Ṣanʿānī,Hammam Ibn Munabbih,132
0139IbnMuqaffac,عبد الله بن المقفع,NODATA,Ibn Muqaffac,Ibn al-Muqaffaʿ,Ibn Muqaffac,139
0141MusaIbnCuqba,موسى بن عقبة الأسدي بالولاء,NODATA,Musa Ibn Cuqba,Mūsā b. ʿUqba,Musa Ibn Cuqba,141
0145MufaddalIbnCumarJucfi,المفضل بن عمر,NODATA,Mufaddal Ibn Cumar Jucfi,al-Mufaḍḍal b. ʿUmar,Mufaddal Ibn Cumar Jucfi,145
0146MajacaIbnZubayr,مجاعة بن الزبير البصري,NODATA,Majaca Ibn Zubayr,Majāʿa b. al-Zubayr al-Baṣrī,Majaca Ibn Zubayr,146
0148AbuHamzaThumali,أبو حمزة الثمالي,NODATA,Abu Hamza Thumali,Abū Ḥamza al-Thumālī,Abu Hamza Thumali,148
0148JacfarSadiq,المنسوب للإمام الصادق (ع),NODATA,Jacfar Sadiq,Jaʿfar al-Ṣādiq,Jacfar Sadiq,148
0150AbuHanifa,أبو حنيفة النعمان بن ثابت الفارسي,أبو حنيفة,"Abū Ḥanīfaŧ, Abū Ḥanīfaŧ al-Nuʿmān b. Ṯābit b. Zūṭā al-Fārisī",Abū Ḥanīfaŧ,Abu Hanifa,150
0150IbnJurayj,أبو الوليد و أبو خالد عبد الملك بن عبد العزيز القرشي الأموي المكي,ابن جريج,Ibn Jurayj,Ibn Jurayj,Ibn Jurayj,150
0150MuqatilIbnSulayman,مقاتل بن سليمان,NODATA,Muqatil Ibn Sulayman,Muqātil b. Sulaymān,Muqatil Ibn Sulayman,150
0150SalihIbnJinahLakhmi,صالح بن جناح,صالح بن جناح اللخمي,Salih Ibn Jinah Lakhmi,Ṣāliḥ b. Jināḥ al-Lakhmī,Salih Ibn Jinah Lakhmi,150
0151IbnIshaq,محمد ابن اسحاق ابن يسار ابن خيار,ابن اسحاق,"åbn Isḥāq, Muḥammad åbn Isḥāq åbn Yasār åbn ḫiyār",åbn Isḥāq,Ibn Ishaq,151
0151MacmarIbnRashid,معمر بن راشد,معمر بن راشد الأزدي,Macmar Ibn Rashid,Maʿmar b. Rāshid,Macmar Ibn Rashid,151
0156IbnAbiCuruba,ابن أبي عروبة,أبو النضر سعيد بن أبي عروبة: مهران العدوي ـ ولاء ـ البصري (المتوفى : 156هـ),Ibn Abi Curuba,Ibn Abī ʿUrūba,Ibn Abi Curuba,156
0157AbuMikhnafAzdi,أبو مخنف الأزدي,NODATA,Abu Mikhnaf Azdi,Abū Mikhnaf al-Azdī,Abu Mikhnaf Azdi,157
0161SufyanThawri,أبو عبد الله سفيان بن سعيد الكوفي,سفيان الثوري,"Sufyān al-Ṯawrī, ʾAbū ʿAbd Allãh Sufyān b. Saʿīd b. Masrūq al-Kūfī, al-Ṯawrī",Sufyān al-Ṯawrī,Sufyan Thawri,161
0164MajishunMadani,أبو عبد الله,NODATA,Majishun Madani,Mājishūn al-Madanī,Majishun Madani,164
0167BashsharIbnBurdShacir,بشار بن برد,NODATA,Bashshar Ibn Burd Shacir,Bashshār b. Burd,Bashshar Ibn Burd Shacir,167
0167SariIbnYahyaBasri,السرى بن يحيى الشيبانى المحلمى,NODATA,Sari Ibn Yahya Basri,al-Sarī b. Yaḥyā al-Baṣrī,Sari Ibn Yahya Basri,167
0168IbnTahman,ابن طهمان,NODATA,Ibn Tahman,Ibn Ṭahmān,Ibn Tahman,168
0168MufaddalDabbi,المفضل الضبي,المفضل بن محمد بن يعلى بن سالم الضبي (المتوفى : نحو 168هـ),Mufaddal Dabbi,al-Mufaḍḍal al-Ḍabbī,Mufaddal Dabbi,168
0170AbuZaydQurashi,أبو زيد القرشي,NODATA,Abu Zayd Qurashi,Abū Zayd al-Qurashī,Abu Zayd Qurashi,170
0170KhalilFarahidi,الخليل بن أحمد الفراهيدي,NODATA,Khalil Farahidi,al-Khalīl al-Farāhīdī,Khalil Farahidi,170
0170RabicIbnHabibAzdi,الربيع بن حبيب الأزدي البصري,NODATA,Rabic Ibn Habib Azdi,al-Rabīʿ b. Ḥabīb al-Azdī,Rabic Ibn Habib Azdi,170
0173SayyidHimyari,السيد الحميري,"إسماعيل بن محمد بن يزيد بن ربيعة بن مفرع الحميري. لقبه "" السيد "" وكنيته "" أبو هاشم "" وجده "" يزيد بن ربيعة """,Sayyid Himyari,al-Sayyid al-Ḥimyarī,Sayyid Himyari,173
0175Anonymous,مترجم مجهول,NODATA,Anonymous,Majhūl,Anonymous,175
0175LaythIbnSacd,أبو الحارث الليث بن سعد الفهمي المصري,NODATA,Layth Ibn Sacd,al-Layth b. Saʿd,Layth Ibn Sacd,175
0179MalikIbnAnas,مالك بن أنس الأصبحي المدني,NODATA,Malik Ibn Anas,Mālik b. Anas,Malik Ibn Anas,179
0180AbuShamaqmaq,أبو الشمقمق,NODATA,Abu Shamaqmaq,Abū Shamaqmaq,Abu Shamaqmaq,180
0180IbnJacfarAnsari,إسماعيل بن جعفر الأنصاري الزرقي مولاهم,NODATA,Ibn Jacfar Ansari,Ibn Jaʿfar al-Anṣārī,Ibn Jacfar Ansari,180
0180Sibawayhi,أبو بشر عمرو بن عثمان,سيبويه,"Sībawayhi, Abū Bišr ʿAmrů b. ʿUṯmān b. Qanbar",Sībawayhi,Sibawayhi,180
0181IbnMubarak,"أبو عبد الرحمن عبد الله بن المبارك الحنظلي،التركي ثم المروزي",عبد الله بن المبارك,Ibn Mubarak,Ibn al-Mubārak,Ibn Mubarak,181
0182AbuYusufYacqub,أبو يوسف يعقوب بن ابراهيم الأنصاري الكوفي,أبو يوسف,"Abū Yūsuf, Abū Yūsuf Yaʿqūb b. Ibrāhīm al-Anṣārī al-Kūfī",Abū Yūsuf,Abu Yusuf Yacqub,182
0182MarwanIbnAbiHafsa,مروان ابن أبي حفصة,NODATA,Marwan Ibn Abi Hafsa,Marwān b. Abī Ḥafṣa,Marwan Ibn Abi Hafsa,182
0183AbuHayyaNumayri,أبو حية النميري,NODATA,Abu Hayya Numayri,Abū Ḥayya al-Numayrī,Abu Hayya Numayri,183
0184AbuIshaqZuhri,إبراهيم بن سعد إسحاق الزهري,NODATA,Abu Ishaq Zuhri,Abū Isḥāq al-Zuhrī,Abu Ishaq Zuhri,184
0185IbnCimranMawsili,أبو مسعود المعافى بن عمران الأزدي الموصلي,NODATA,Ibn Cimran Mawsili,Ibn ʿImrān al-Mawṣilī,Ibn Cimran Mawsili,185
0188IbnMuhammadFazari,أبو إسحاق إبراهيم بن محمد الفزاري,NODATA,Ibn Muhammad Fazari,Ibn Muḥammad al-Fazārī,Ibn Muhammad Fazari,188
0189IbnHamzaKisai,"علي بن حمزة الأسدي بالولاء،أبو الحسن الكسائي",NODATA,Ibn Hamza Kisai,Ibn Ḥamza al-Kisā'ī,Ibn Hamza Kisai,189
0189MuhammadShaybani,أبو عبد الله محمد بن الحسن الشيباني,الشيباني,"al-Šaybānī, Abū ʿAbd Al-lãh Muḥammad b. al-Ḥasan al-Šaybānī",al-Šaybānī,Muhammad Shaybani,189
0191IbnQasimMisri,عبد الرحمن بن القاسم العتقي المصري,NODATA,Ibn Qasim Misri,Ibn Qāsim al-Miṣrī,Ibn Qasim Misri,191
0192IbnAhnaf,أبو الفضل بن الأحنف,NODATA,Ibn Ahnaf,Ibn Aḥnaf,Ibn Ahnaf,192
0195IbnFudaylDabbi,ابن فضيل,أبو عبد الرحمن محمد بن فضيل بن غزوان الضبي,Ibn Fudayl Dabbi,Ibn Fuḍayl al-Ḍabbī,Ibn Fudayl Dabbi,195
0195MuarrijSadusi,أبو فيد مؤرج بن عمرو السدوسي,مؤرج السدوسي,Muarrij Sadusi,Mu'arrij al-Sadūsī,Muarrij Sadusi,195
0197IbnWahbQurashi,عبد الله بن وهب القرشي أبو محمد المصري,NODATA,Ibn Wahb Qurashi,Ibn Wahb al-Qurashī,Ibn Wahb Qurashi,197
0197WakicIbnJarrah,وكيع بن الجراح الرؤاسي أبو سفيان,وكيع بن الجراح,Wakic Ibn Jarrah,Wakīʿ b. al-Jarrāḥ,Wakic Ibn Jarrah,197
0198AbuNuwasShacir,الحسن بن هانئ,NODATA,Abu Nuwas Shacir,Abū Nuwās,Abu Nuwas Shacir,198
0198RabicaRaqqi,ربيعة الرقي,NODATA,Rabica Raqqi,Rabīʿa al-Raqqī,Rabica Raqqi,198
0198SufyanIbnCuyayna,سفيان بن عيينة الكوفي,سفيان بن عيينة,Sufyan Ibn Cuyayna,Sufyān b. ʿUyayna,Sufyan Ibn Cuyayna,198
0200AbuGhanimKhurasani,أبو غانم الخراساني,NODATA,Abu Ghanim Khurasani,Abū Ghānim al-Khurāsānī,Abu Ghanim Khurasani,200
0200AbuShis,أبو الشيص محمد,NODATA,Abu Shis,Abū al-Shīṣ,Abu Shis,200
0200IbnJacfarSadiq,ابن الإمام جعفر الصادق (ع),NODATA,Ibn Jacfar Sadiq,Ibn Jaʿfar al-Ṣādiq,Ibn Jacfar Sadiq,200
0200SayfIbnCumar,سيف بن عمر الضبي الأسدي,الضبي,Sayf Ibn Cumar,Sayf b. ʿUmar al-Ḍabbī,Sayf Ibn Cumar,200
0200YahyaIbnBitriq,يحيى بن البطريق,يحيى بن البطريق,"Yaḥyá b. al-Biṭrīq, Yaḥyá b. al-Biṭrīq",Yaḥyá b. al-Biṭrīq,Yahya Ibn Bitriq,200
0200YahyaIbnSalam,يحيى بن سلام ثم الإفريقي القيرواني,NODATA,Yahya Ibn Salam,Yaḥyā b. Salām,Yahya Ibn Salam,200
0201CaliIbnCasim,علي بن العاصم,NODATA,Cali Ibn Casim,ʿAlī b. al-ʿĀṣim,Cali Ibn Casim,201
0203CaliRida,منسوب للإمام الرضا(ع),NODATA,Cali Rida,ʿAlī al-Riḍā,Cali Rida,203
0203IbnSulaymanGhazi,داود بن سليمان الغازي,NODATA,Ibn Sulayman Ghazi,Ibn Sulaymān al-Ghāzī,Ibn Sulayman Ghazi,203
0203YahyaIbnAdam,يحيى القرشي,يحيى بن آدم القرشي,Yahya Ibn Adam,Yaḥyā b. Ādām,Yahya Ibn Adam,203
0204AbuDawudTayalisi,الطيالسي,سليمان بن داود أبو داود الفارسي البصري الطيالسي,Abu Dawud Tayalisi,Abū Dāwūd al-Ṭayālisī,Abu Dawud Tayalisi,204
0204IbnKalbi,أبو المنذر هشام بن محمد أبي النضر الكلبي,ابن الكلبي,"Ibn al-Kalbī, Abū al-Munḏir Hišām b. Muḥammad Abī al-Naḍir b. al-Sāʾib b. Bišr al-Kalbī",Ibn al-Kalbī,Ibn Kalbi,204
0204Shafici,الشافعي,محمد بن إدريس الشافعي أبو عبد الله,Shafici,al-Shāfiʿī,Shafici,204
0206AbuCamrShaybani,أبو عمرو إسحاق بن مرار الشيباني,أبو عمرو الشيباني,Abu Camr Shaybani,Abū ʿUmar al-Shaybānī,Abu Camr Shaybani,206
0206AbuMuhammadQutrub,محمد بن المستنير,NODATA,Abu Muhammad Qutrub,Abū Muḥammad al-Quṭrub,Abu Muhammad Qutrub,206
0206IshaqIbnBishrQurashi,أبي حذيفة إسحاق بن بشر القرشي,NODATA,Ishaq Ibn Bishr Qurashi,Iṣḥāq b. Bishr al-Qurashī,Ishaq Ibn Bishr Qurashi,206
0207IbnBakkarQaysi,بكر بن بكار أبو عمرو القيسي البصري,NODATA,Ibn Bakkar Qaysi,Ibn Bakkār al-Qaysī,Ibn Bakkar Qaysi,207
0207IbnZiyadFarra,الفراء,أبو زكريا يحيى بن زياد بن عبد الله بن منظور الديلمي الفراء (المتوفى: 207ه),Ibn Ziyad Farra,Ibn Ziyād al-Farrā',Ibn Ziyad Farra,207
0207Waqidi,محمد بن عمر السهمي الاسلامي,الواقدي,"al-Wāqidī, Muḥammad b. ʿAmr b. Wāqid al-Sahmī al-Islāmī",al-Wāqidī,Waqidi,207
0209AbuCaliAshyabBaghdadi,الحسن بن موسى أبو علي الأشيب البغدادي,الأشيب,Abu Cali Ashyab Baghdadi,NODATA,Abu Cali Ashyab Baghdadi,209
0209AbuCubayda,أبو عبيدة معمر بن المثنى,أبو عبيدة,"Abū ʿUbaydaŧ, Abū ʿUbaydaŧ Maʿmar b. al-Muṯanná",Abū ʿUbaydaŧ,Abu Cubayda,209
0210CaliyyaBintMahdi,علية بنت المهدي,NODATA,Caliyya Bint Mahdi,NODATA,Caliyya Bint Mahdi,210
0211AbuCatahiya,أبو العتاهية,NODATA,Abu Catahiya,NODATA,Abu Catahiya,211
0211CabdRazzaqSancani,عبد الرزاق بن همام الصنعاني,الصنعاني,Cabd Razzaq Sancani,NODATA,Cabd Razzaq Sancani,211
0212IbnMusaQurashi,أبو سعيد أسد بن موسى الأموي القرشي الملقب بأسد السنة,NODATA,Ibn Musa Qurashi,NODATA,Ibn Musa Qurashi,212
0212NasrIbnMuzahim,ابن مزاحم,نصر بن مزاحم بن سيار المنقري من غلاة الشيعة,Nasr Ibn Muzahim,NODATA,Nasr Ibn Muzahim,212
0213IbnHisham,جمال الدين أبو محمد عبد الملك بن هشام الحميري,ابن هشام,"Ibn Hišām, Ǧamāl al-dīn Abū Muḥammad ʿAbd al-Malik b. Hišām b. Ayyūb al-ḥimyarī, al-Maʿāfirī",Ibn Hišām,Ibn Hisham,213
0213IbnJabalaShacir,علي بن جبلة,NODATA,Ibn Jabala Shacir,NODATA,Ibn Jabala Shacir,213
0214IbnCabdHakamMisri,أبو محمد عبد الله بن عبد الحكم المصري,ابن عبد الحكم المصري,"Ibn ʿabd al-ḥakam al-Miṣrī, abū muḥammad ʿabd allāh b. ʿabd al-ḥakam al-Miṣrī",Ibn ʿabd al-ḥakam al-Miṣrī,Ibn Cabd Hakam Misri,214
0215AbuZaydAnsari,أبو زيد الأنصاري,NODATA,Abu Zayd Ansari,NODATA,Abu Zayd Ansari,215
0215AkhfashAwsat,أبو الحسن المجاشعي بالولاء,NODATA,Akhfash Awsat,NODATA,Akhfash Awsat,215
0215IbnCabdAllahAnsari,محمد بن عبد الله الأنصاري,NODATA,Ibn Cabd Allah Ansari,NODATA,Ibn Cabd Allah Ansari,215
0215IbnHazimBahili,محمد بن حازم الباهلي,NODATA,Ibn Hazim Bahili,NODATA,Ibn Hazim Bahili,215
0216IbnQuraybAsmaci,أبو سعيد عبد الملك بن قريب الباهلي,الأصمعي,"al-Aṣmaʿī, Abū Saʿīd ʿAbd al-malik b. Qurayb b. ʿAlī b. Aṣmaʿ al-Bāhilī",al-Aṣmaʿī,Ibn Qurayb Asmaci,216
0218CabdAclaGhassani,أبو مسهر,عبد الأعلى بن مسهر بن عبد الأعلى أبو مسهر,Cabd Acla Ghassani,NODATA,Cabd Acla Ghassani,218
0218HajjajIbnYusufIbnMatar,Ptolemy,NODATA,Hajjaj Ibn Yusuf Ibn Matar,NODATA,Hajjaj Ibn Yusuf Ibn Matar,218
0219AbuNucaymIbnDukayn,أبي نعيم الفضل بن دكين,أبو نعيم,Abu Nucaym Ibn Dukayn,NODATA,Abu Nucaym Ibn Dukayn,219
0219IbnMuslimBasri,عفان بن مسلم الباهلى,NODATA,Ibn Muslim Basri,NODATA,Ibn Muslim Basri,219
0219IbnZubayrHumaydi,عبدالله بن الزبير أبو بكر الحميدي,الحميدي,Ibn Zubayr Humaydi,NODATA,Ibn Zubayr Humaydi,219
0220AbuJacfarIskafi,أبو جعفر الإسكافي,NODATA,Abu Jacfar Iskafi,NODATA,Abu Jacfar Iskafi,220
0220CaliIbnJacfar,علي بن جعفر(ع),NODATA,Cali Ibn Jacfar,NODATA,Cali Ibn Jacfar,220
0221IbnAbiIyasCasqalani,تميم,NODATA,Ibn Abi Iyas Casqalani,NODATA,Ibn Abi Iyas Casqalani,221
0222IbnBakkarDabi,العباس بن بكار الضبي,العباس الضبي,Ibn Bakkar Dabi,NODATA,Ibn Bakkar Dabi,222
0222IbnNaficHimsi,الحكم بن نافع البهرانى,NODATA,Ibn Nafic Himsi,NODATA,Ibn Nafic Himsi,222
0223IbnSalihKatibLayth,أبو صالح,NODATA,Ibn Salih Katib Layth,NODATA,Ibn Salih Katib Layth,223
0224QasimIbnSallam,أبو عبيد القاسم بن سلام الهروي البغدادي,NODATA,Qasim Ibn Sallam,NODATA,Qasim Ibn Sallam,224
0225Anonymous,(مؤلف مجهول),NODATA,Anonymous :: (muʾallif majhūl),(muʾallif majhūl),Anonymous,225
0225PseudoIbnMuqaffac,عبد الله بن المقفع,NODATA,Pseudo Ibn Muqaffac,NODATA,Pseudo Ibn Muqaffac,225
0227IbnMansurKhurasani,أبو عثمان سعيد بن منصور الخراساني الجوزجاني,NODATA,Ibn Mansur Khurasani,NODATA,Ibn Mansur Khurasani,227
0228AbuJahmBahili,العلاء بن موسى البغدادي,NODATA,Abu Jahm Bahili,NODATA,Abu Jahm Bahili,228
0228IbnHammadKhuzaci,نعيم بن حماد,نعيم بن حماد المروزي أبو عبد الله,Ibn Hammad Khuzaci,NODATA,Ibn Hammad Khuzaci,228
0228IbnMuhammadMadaini,أبو الحسن علي بن محمد المدائني,المدائني,"al-Madāʾinī, Abū al-Ḥasan ʿAlī b. Muḥammad b. ʿAbd Allāh al-Madāʾinī",al-Madāʾinī,Ibn Muhammad Madaini,228
0230AbuMushal,عبد الوهاب بن حريش الأعرابي أبو محمد,NODATA,Abu Mushal,NODATA,Abu Mushal,230
0230CaliIbnJacd,علي بن الجعد أبو الحسن الجوهري البغدادي,ابن الجعد,Cali Ibn Jacd,NODATA,Cali Ibn Jacd,230
0230IbnSacd,أبو عبد الله محمد بن سعد الهاشمي البصري,ابن سعد,"Ibn Saʿd, Abū ʿAbd Al-lãh Muḥammad b. Saʿd b. Manīʿ al-Hāšimī al-Baṣrī",Ibn Saʿd,Ibn Sacd,230
0230YaclaIbnCibad,يعلى بن عباد,NODATA,Yacla Ibn Cibad,NODATA,Yacla Ibn Cibad,230
0231AbuNasrBahili,أبو نصر أحمد بن حاتم الباهلي,أبو نصر الباهلي,Abu Nasr Bahili,NODATA,Abu Nasr Bahili,231
0231AbuTamam,أبو تمام,NODATA,Abu Tamam,NODATA,Abu Tamam,231
0231IbnMirdasSarraj,خالد بن مرداس أبو الهيثم السراج,NODATA,Ibn Mirdas Sarraj,NODATA,Ibn Mirdas Sarraj,231
0231IbnSacdanDarir,محمد بن سعدان الضرير,أبو جعفر محمد بن سعدان الكوفي النحوي المقرئ الضرير (المتوفى: 231 ه),Ibn Sacdan Darir,NODATA,Ibn Sacdan Darir,231
0231IbnSallamJumahi,محمد بن سلام الجمحي,ابن سلام الجمحي,"Ibn salām al-ǧumḥī, muḥammad b. sallām al-ǧumḥī",Ibn salām al-ǧumḥī,Ibn Sallam Jumahi,231
0231IbnZiyadAcrabi,أبو عبد الله محمد بن زياد الأعرابي,أبو عبد الله ابن الأعرابي,Ibn Ziyad Acrabi,NODATA,Ibn Ziyad Acrabi,231
0232CabdAllahIbnCawnKharraz,عبد الله بن عون الخراز,NODATA,Cabd Allah Ibn Cawn Kharraz,NODATA,Cabd Allah Ibn Cawn Kharraz,232
0232CisaIbnSacidShashi,أبو سعيد عيسى بن سالم الشاشي,أبو سعيد الشاشي,Cisa Ibn Sacid Shashi,NODATA,Cisa Ibn Sacid Shashi,232
0233IbnCaidhDimashqi,ابن العائذ  الدمشقي,NODATA,Ibn Caidh Dimashqi,NODATA,Ibn Caidh Dimashqi,233
0233YahyaIbnMacin,يحيى بن معين,يحيى بن معين,Yahya Ibn Macin,NODATA,Yahya Ibn Macin,233
0234AbuHasanSacdi,علي بن عبدالله أبو الحسن السعدي مولاهم,السعدي,Abu Hasan Sacdi,NODATA,Abu Hasan Sacdi,234
0234AbuKhaythamaNisai,أبو خيثمة,زهير بن حرب أبو خيثمة النسائي,Abu Khaythama Nisai,NODATA,Abu Khaythama Nisai,234
0234CaliIbnMadini,علي بن عبد الله السعدي المديني,المديني,Cali Ibn Madini,NODATA,Cali Ibn Madini,234
0235DikJinn,ديك الجن,NODATA,Dik Jinn,NODATA,Dik Jinn,235
0235IbnAbiShayba,أبو بكر بن أبي شيبة,ابن أبي شيبة,Ibn Abi Shayba,NODATA,Ibn Abi Shayba,235
0235IbnYunusBaghdadi,أبو الحارث سريج بن يونس البغدادي,NODATA,Ibn Yunus Baghdadi,NODATA,Ibn Yunus Baghdadi,235
0236AbuCabdAllahZubayri,أبو عبد الله المصعب بن عبد الله الزبيري,NODATA,Abu Cabd Allah Zubayri,NODATA,Abu Cabd Allah Zubayri,236
0238IbnHabibQurtubi,أبو مروان عبد الملك بن حبيب السلمي,"ابن حبيب، القرطبي","Ibn Ḥabīb, al-Qurṭubī, Abū Marwān ʿAbd al-Malik b. Ḥabīb b. Ḥabīb b. Sulaymān b. Hārūn al-Sulamī, al-Ilbīrī, al-Qurṭubī","Ibn Ḥabīb, al-Qurṭubī",Ibn Habib Qurtubi,238
0238IbnRahawayh,ابن راهويه,إسحاق بن إبراهيم بن مخلد بن راهويه الحنظلي,Ibn Rahawayh,NODATA,Ibn Rahawayh,238
0238MuhammadBurjulani,محمد بن الحسين البرجلاني أبو الشيخ,البرجلاني,Muhammad Burjulani,NODATA,Muhammad Burjulani,238
0239CumaraIbnCaqil,عمارة بن عقيل,NODATA,Cumara Ibn Caqil,NODATA,Cumara Ibn Caqil,239
0239IbnGhawri,ابن الغوري,محمد بن أحمد أبو الفرج ابن الغوري (ت: 239),Ibn Ghawri,NODATA,Ibn Ghawri,239
0240AbuHafsIbnZuraraTarsusi,أبو حفص عمر بن زرارة الحدثي الطرسوسي,NODATA,Abu Hafs Ibn Zurara Tarsusi,NODATA,Abu Hafs Ibn Zurara Tarsusi,240
0240CabdSamadIbnMucadhdhal,عبد الصمد بن المعذل,NODATA,Cabd Samad Ibn Mucadhdhal,NODATA,Cabd Samad Ibn Mucadhdhal,240
0240IbnKhayyatCusfuri,أبو عمرو خليفة بن خياط الشيباني العصفري البصري,NODATA,Ibn Khayyat Cusfuri,NODATA,Ibn Khayyat Cusfuri,240
0240IbnYahyaKinani,أبو الحسن عبد العزيز بن يحيى الكناني المكي,NODATA,Ibn Yahya Kinani,NODATA,Ibn Yahya Kinani,240
0240SahnunIbnSacid,مالك بن أنس,مالك,Sahnun Ibn Sacid,NODATA,Sahnun Ibn Sacid,240
0241IbnHanbal,أبو عبد الله أحمد بن محمد الشيباني,أحمد بن حنبل,"aḥmad b. ḥanbal, Abū ʿabd allāh Aḥmad b. muḥammad b. ḥanbal al-šaybānī",aḥmad b. ḥanbal,Ibn Hanbal,241
0242IbnAslamTusi,الإمام الحافظ أبي الحسن محمد بن أسلم الطوسي,NODATA,Ibn Aslam Tusi,NODATA,Ibn Aslam Tusi,242
0243HannadIbnSari,هناد بن السري,هناد بن السري الكوفي,Hannad Ibn Sari,NODATA,Hannad Ibn Sari,243
0243HarithMuhasibi,الحارث المحاسبي,أبو عبد الله حارث بن أسد المحاسبي,Harith Muhasibi,NODATA,Harith Muhasibi,243
0243IbnYahyaCadani,أبو عبد الله محمد بن يحيى العدني,ابن أبي عمر العدني,"Ibn Abī ʿUmar al-ʿAdanī, Abū ʿAbd Allāh Muḥammad b. Yaḥyá b. Abī ʿUmar al-ʿAdanī, al-Darāwardī",Ibn Abī ʿUmar al-ʿAdanī,Ibn Yahya Cadani,243
0243YuhannaIbnMasawayh,يوحنا بن ماسويه,NODATA,Yuhanna Ibn Masawayh,NODATA,Yuhanna Ibn Masawayh,243
0244IbnSikkit,ابن السكيت,"ابن السكيت، أبو يوسف يعقوب بن إسحاق (المتوفى: 244ه)",Ibn Sikkit,NODATA,Ibn Sikkit,244
0245LuwaynMissisi,المصيصي,أبو جعفر محمد بن سليمان بن حبيب بن جبير المصيصي الأسدي,Luwayn Missisi,NODATA,Luwayn Missisi,245
0245MuhammadIbnHabib,أبو جعفر محمد بن حبيب الهاشمي,محمد بن حبيب,"Muḥammad b. Ḥabīb, Abū Ǧaʿfar Muḥammad b. Ḥabīb b. Umayyaŧ b. ʿAmrů al-Hāšimī, al-Baġdādī",Muḥammad b. Ḥabīb,Muhammad Ibn Habib,245
0246AbuCaliIbnShadhdhan,الحسن بن خلف الواسطى,NODATA,Abu Cali Ibn Shadhdhan,NODATA,Abu Cali Ibn Shadhdhan,246
0246AhmadDawraqi,أحمد بن إبراهيم الدورقي أبو عبد الله,الدورقي,Ahmad Dawraqi,NODATA,Ahmad Dawraqi,246
0246DhuNunAbuFayd,ذو النون المصري ثوبان بن إبراهيم وقيل,NODATA,Dhu Nun Abu Fayd,NODATA,Dhu Nun Abu Fayd,246
0246DicbilKhuzaci,دعبل بن علي,NODATA,Dicbil Khuzaci,NODATA,Dicbil Khuzaci,246
0246HishamSulami,هشام بن عمار السلمي,NODATA,Hisham Sulami,NODATA,Hisham Sulami,246
0246HusaynMarwazi,المروزي,الحسين بن الحسن بن حرب أبو عبد الله المروزي,Husayn Marwazi,NODATA,Husayn Marwazi,246
0246IbnCumarDuri,حفص بن عمر الدوري,أبو عمر حفص بن عمر الدوري,Ibn Cumar Duri,NODATA,Ibn Cumar Duri,246
0246QasimRassi,الإمام القاسم الرسي,NODATA,Qasim Rassi,NODATA,Qasim Rassi,246
0247AhmadIbnCisa,أحمد بن عيسى (ع),NODATA,Ahmad Ibn Cisa,NODATA,Ahmad Ibn Cisa,247
0249AbuBishrTamimi,أبو بشر هارون بن حاتم التميمي البزاز,NODATA,Abu Bishr Tamimi,NODATA,Abu Bishr Tamimi,249
0249Azraqi,أبو الوليد محمد بن عبد الله الأزرقي,الأزرقي,"al-Azraqī, Abū al-Walīd Muḥammad b. ʿAbd Allāh b. Aḥmad al-Azraqī",al-Azraqī,Azraqi,249
0249CabdIbnHamid,أبو محمد عبد الحميد بن حميد الكسي ويقال له,NODATA,Cabd Ibn Hamid,NODATA,Cabd Ibn Hamid,249
0249IbnBarqiMuhammad,أبو عبد الله محمد بن عبد الله المصري,NODATA,Ibn Barqi Muhammad,NODATA,Ibn Barqi Muhammad,249
0250AflahIbnCabdWahhab,أفلح بن عبد الوهاب,NODATA,Aflah Ibn Cabd Wahhab,NODATA,Aflah Ibn Cabd Wahhab,250
0250CabdMasihNacimi,عبد المسيح بن عبد الله الحمسي الناعمي,عبد المسيح الناعمي,"ʿAbd al-Masīḥ al-Nāʿimī, ʿAbd al-Masīḥ b. ʿAbd Allāh al-Ḥimsī al-Nāʿimī",ʿAbd al-Masīḥ al-Nāʿimī,Cabd Masih Nacimi,250
0250IbnCatiyyaShami,ابن العطية الشامي,NODATA,Ibn Catiyya Shami,NODATA,Ibn Catiyya Shami,250
0250ThabitIbnAbiThabit,أبو محمد ثابت بن أبي ثابت اللغوي,NODATA,Thabit Ibn Abi Thabit,NODATA,Thabit Ibn Abi Thabit,250
0251IbnMansurKawsaj,الكوسج,إسحاق بن منصور بن بهرام الكوسج أبو يعقوب التميمي المروزي,Ibn Mansur Kawsaj,NODATA,Ibn Mansur Kawsaj,251
0251IbnZanjawayh,أبو أحمد حميد بن مخلد الخرساني المعروف بابن زنجويه,NODATA,Ibn Zanjawayh,NODATA,Ibn Zanjawayh,251
0254MuammalIbnIhab,مؤمل بن إيهاب,مؤمل بن إيهاب بن عبد العزيز الرملي أبو عبد الرحمن,Muammal Ibn Ihab,NODATA,Muammal Ibn Ihab,254
0255AbuHatimSijistani,أبو حاتم سهل بن محمد الجشمي السجستاني,NODATA,Abu Hatim Sijistani,NODATA,Abu Hatim Sijistani,255
0255CabdAllahDarimi,عبدالله بن عبدالرحمن أبو محمد الدارمي,الدارمي,Cabd Allah Darimi,NODATA,Cabd Allah Darimi,255
0255IbnAhmadQurtubi,محمد بن أحمد الأموي القرطبي الأندلسي,NODATA,Ibn Ahmad Qurtubi,NODATA,Ibn Ahmad Qurtubi,255
0255Jahiz,أبو عثمان عمرو بن بحر الفقامي البصري,الجاحظ,"al-ǧāḥiẓ, abū ʿUṯmān ʿamrů b. baḥr al-fuqāmī al-baṣrī",al-ǧāḥiẓ,Jahiz,255
0256Bukhari,أبو عبد الله محمد بن اسماعيل الجعفي البخاري,البخاري,"al-buḫārī, abū ʿabd allāh muḥammad b. ismāʿīl b. ibrāhīm b. al-muġīrŧ al-ǧuʿfī al-buḫārī",al-buḫārī,Bukhari,256
0256IbnIshaqKindi,ابن إسحاق الكندي,NODATA,Ibn Ishaq Kindi,NODATA,Ibn Ishaq Kindi,256
0256ZubayrIbnBakkar,أبو عبد الله الزبير بن بكار,الزبير بن بكار,"al-zubayr b. bakkār, abū ʿabd allāh al-zubayr b. bakkār b. ʿabd allāh b. muṣʿab",al-zubayr b. bakkār,Zubayr Ibn Bakkar,256
0257AbuHiffanMihzami,عبد الله بن أحمد المهزمي العبدي,NODATA,Abu Hiffan Mihzami,NODATA,Abu Hiffan Mihzami,257
0257AbuSacidAshajj,أبو سعيد الأشج عبد الله بن سعيد الكندي,NODATA,Abu Sacid Ashajj,NODATA,Abu Sacid Ashajj,257
0257IbnCabdHakam,أبو القاسم عبد الرحمن بن عبد الله المصري,ابن عبد الحكم,"Ibn ʿAbd al-Ḥakam, Abū al-Qāsim ʿAbd al-Raḥmãn b. ʿAbd Allāh b. ʿAbd al-Ḥakam b. Aʿyan al-Miṣrī",Ibn ʿAbd al-Ḥakam,Ibn Cabd Hakam,257
0257IbnCarafaCabdi,أبو علي الحسن بن عرفة العبدي البغدادي,NODATA,Ibn Carafa Cabdi,NODATA,Ibn Carafa Cabdi,257
0258AhmadIbnFurat,أحمد بن الفرات الضبي الرازي,NODATA,Ahmad Ibn Furat,NODATA,Ahmad Ibn Furat,258
0258IbnYahyaNaysaburi,محمد بن يحيى الذهلي,NODATA,Ibn Yahya Naysaburi,NODATA,Ibn Yahya Naysaburi,258
0259HunaynIbnIshaq,حنين بن اسحاق العبادي,حنين بن اسحاق,"Ḥunayn b. Isḥāq, Ḥunayn b. Isḥāq al-ʿIbādī",Ḥunayn b. Isḥāq,Hunayn Ibn Ishaq,259
0259IbnYacqubJuzjani,إبراهيم بن يعقوب الجوزجاني أبو إسحاق,الجوزجاني,Ibn Yacqub Juzjani,NODATA,Ibn Yacqub Juzjani,259
0260AbuCaliZacfarani,الحافظ أبو علي الحسن بن محمد الصباح,الصباح,Abu Cali Zacfarani,NODATA,Abu Cali Zacfarani,260
0260IbnSahlTabari,إبن سهل الطبري,NODATA,Ibn Sahl Tabari,NODATA,Ibn Sahl Tabari,260
0260IbnShadhanAzdi,الفضل بن شاذان الأزدي,NODATA,Ibn Shadhan Azdi,NODATA,Ibn Shadhan Azdi,260
0260ImamCaskari,المنسوب إلى الإمام العسكري (ع),NODATA,Imam Caskari,NODATA,Imam Caskari,260
0261AbuHasanCijli,أبو الحسن أحمد بن عبد الله العجلي الكوفي,العجلي,"al-ʿiǧlī, abū al-ḥassan aḥmad b. ʿabd allāh b. ṣāliḥ b. muslim al-ʿiǧlī al-kūfī",al-ʿiǧlī,Abu Hasan Cijli,261
0261Khassaf,الخصاف,NODATA,Khassaf,NODATA,Khassaf,261
0261Muslim,أبو الحسين مسلم بن الحجاج القشيري النيسابوري,مسلم,"Muslim, Abū al-Ḥusayn Muslim b. al-Ḥaǧǧāǧ b. Muslim al-Qušayrī al-Naysābūrī",Muslim,Muslim,261
0262CumarIbnShabba,أبو زيد عمر بن شبة النميري,عمر بن شبة,"ʿUmar b. Šabbaŧ, Abū Zayd ʿUmar b. Šabbaŧ b. ʿAbīdaŧ al-Numayrī",ʿUmar b. Šabbaŧ,Cumar Ibn Shabba,262
0262IbnCasimIsbahani,محمد بن عاصم,NODATA,Ibn Casim Isbahani,NODATA,Ibn Casim Isbahani,262
0262IbnMatarWasiti,بشر بن مطر أبو أحمد الدقاق الواسطي,NODATA,Ibn Matar Wasiti,NODATA,Ibn Matar Wasiti,262
0262YacqubIbnShayba,يعقوب بن شيبة,الواحدي,Yacqub Ibn Shayba,NODATA,Yacqub Ibn Shayba,262
0264AbuZurcaRazi,الرازي,NODATA,Abu Zurca Razi,NODATA,Abu Zurca Razi,264
0264IbnYahyaMuzani,أبو ابراهيم اسماعيل بن يحيى المزني المصري,المزني,"al-Muzanī, Abū Ibrāhīm Ismāʿīl b. Yaḥyá b. Ismāʿīl b. ʿAmrů b. Muslim al-Muzanī al-Miṣrī",al-Muzanī,Ibn Yahya Muzani,264
0265CaliIbnHarbTai,الواحدي,أبو الحسن علي بن حرب الطائي,Cali Ibn Harb Tai,NODATA,Cali Ibn Harb Tai,265
0265IbnHarbMawsili,على بن حرب الطائى,NODATA,Ibn Harb Mawsili,NODATA,Ibn Harb Mawsili,265
0265SacdanIbnNasr,سعدان بن نصر,سعدان بن نصر,Sacdan Ibn Nasr,NODATA,Sacdan Ibn Nasr,265
0265SalihIbnHanbal,لأبي الفضل صالح أحمد بن حنبل,صالح حمد بن جنبل,Salih Ibn Hanbal,NODATA,Salih Ibn Hanbal,265
0267HammadIbnIshaq,حماد بن إسحاق,حماد بن إسحاق بن إسماعيل بن زيد البغدادي أبو إسماعيل,Hammad Ibn Ishaq,NODATA,Hammad Ibn Ishaq,267
0267IbnCabdAllahTarqufi,أبو محمد عباس بن عبد الله الباكسائي,NODATA,Ibn Cabd Allah Tarqufi,NODATA,Ibn Cabd Allah Tarqufi,267
0270IbnCabdAllahKhutali,أبو إسحاق إبراهيم بن عبد الله السرمرائي,NODATA,Ibn Cabd Allah Khutali,NODATA,Ibn Cabd Allah Khutali,270
0270IbnCaffanKufi,ابني عفان,NODATA,Ibn Caffan Kufi,NODATA,Ibn Caffan Kufi,270
0271CabbasDuri,أبو الفضل عباس بن محمد الدوري,عباس الدوري,"ʿAbbās al-Dūrī, Abū al-Faḍl ʿAbbās b. Muḥammad b. Ḥātim al-Dūrī",ʿAbbās al-Dūrī,Cabbas Duri,271
0271IbnSinanQazzaz,محمد بن سنان الحسن القزاز البصري,NODATA,Ibn Sinan Qazzaz,NODATA,Ibn Sinan Qazzaz,271
0272IbnAbiRabic,ابن أبي الربيع,NODATA,Ibn Abi Rabic,NODATA,Ibn Abi Rabic,272
0272IbnCassamIsbahani,أحمد بن عاصم,NODATA,Ibn Cassam Isbahani,NODATA,Ibn Cassam Isbahani,272
0272IbnIshaqFakihi,أبو عبد الله محمد بن اسحاق المكي الفاكهي,محمد ابن اسحاق الفاكهي,"Muḥammad Ibn Isḥāq al-Fākihī, Abū ʿAbd Allāh Muḥammad b. Isḥāq b. al-ʿAbbās al-Makkī al-Fākihī",Muḥammad Ibn Isḥāq al-Fākihī,Ibn Ishaq Fakihi,272
0273AbuBakrAthram,أبو بكر أحمد بن محمد الإسكافي الأثرم الطائي وقيل,NODATA,Abu Bakr Athram,NODATA,Abu Bakr Athram,273
0273AbuMacsharBalkhi,أبو معشر البلخي,NODATA,Abu Macshar Balkhi,NODATA,Abu Macshar Balkhi,273
0273AbuUmayyaTarsusi,أبو أمية محمد بن إبراهيم الخزاعي البغدادي ثم الطرسوسي,NODATA,Abu Umayya Tarsusi,NODATA,Abu Umayya Tarsusi,273
0273HanbalIbnIshaqShaybani,حنبل بن إسحاق,أبو علي حنبل بن إسحاق بن حنبل الشيباني,Hanbal Ibn Ishaq Shaybani,NODATA,Hanbal Ibn Ishaq Shaybani,273
0273IbnMaja,ابن ماجه,محمد بن يزيد أبو عبدالله القزويني,Ibn Maja,NODATA,Ibn Maja,273
0274AhmadBarqi,أحمد بن محمد البرقي,NODATA,Ahmad Barqi,NODATA,Ahmad Barqi,274
0275AbuBakrMarrudhi,أبو بكر أحمد بن محمد المروذي,أبو بكر المروذي,"Abū Bakr al-Marrūḏī, Abū Bakr Aḥmad b. Muḥammad b. al-Ḥaǧǧāǧ b. ʿAbd Allāh al-Marrūḏī",Abū Bakr al-Marrūḏī,Abu Bakr Marrudhi,275
0275AbuCaliShacrani,أبو علي الشعراني,NODATA,Abu Cali Shacrani,NODATA,Abu Cali Shacrani,275
0275AbuDawudSijistani,أبو داود السجستاني,سليمان بن الأشعث السجستاني أبو داود,Abu Dawud Sijistani,NODATA,Abu Dawud Sijistani,275
0275AbuHawariCumani,الأعمى أبو الحواري محمد بن الحواري العماني,أبو الحواري الأعمى,"Abū al-Ḥawārī al-Aʿmá, al-Aʿmá Abū al-Ḥawārī Muḥammad b. al-Ḥawārī b. ʿUṯmān al-ʿUmānī",Abū al-Ḥawārī al-Aʿmá,Abu Hawari Cumani,275
0275AnonTranslator,(مترجم مجهول),NODATA,Anon Translator :: (mutarjim majhūl),(mutarjim majhūl),Anon Translator,275
0275Anonymous,أبو محمد عبد الله بن وهب المصري القرشي,NODATA,Anonymous,NODATA,Anonymous,275
0275IbnMulacibMakhzumi,أحمد بن ملاعب أبو الفضل البغدادي المخرمي,NODATA,Ibn Mulacib Makhzumi,NODATA,Ibn Mulacib Makhzumi,275
0275IstifanIbnBasil,اصطفن بن بسيل,اصطفن ابن بسيل,"Iṣṭifan ibn Basīl, Iṣṭifan b. Basīl",Iṣṭifan ibn Basīl,Istifan Ibn Basil,275
0275LawwabIbnSallam,لواب ابن سلام,NODATA,Lawwab Ibn Sallam,NODATA,Lawwab Ibn Sallam,275
0275Sukkari,أبو سعيد السكري,NODATA,Sukkari,NODATA,Sukkari,275
0275ThayadurusIbnBasil,ثيادورس,ثيادورس ابن بسيل,"Ṯayādūrus Ibn Basīl, Ṯayādūrus, Ṯadārä b. Basīl aḫ Iṣṭifan",Ṯayādūrus Ibn Basīl,Thayadurus Ibn Basil,275
0275Ustath,أسطاث,أسطاث,"Usṭāṯ, Usṭāṯ",Usṭāṯ,Ustath,275
0276IbnHazimGhifari,أحمد بن حازم عمرو الغفاري الكوفي,NODATA,Ibn Hazim Ghifari,NODATA,Ibn Hazim Ghifari,276
0276IbnMukhalladQurtubi,بقي بن مخلد,بقي بن مخلد القرطبي,Ibn Mukhallad Qurtubi,NODATA,Ibn Mukhallad Qurtubi,276
0276IbnQutaybaDinawari,أبو محمد عبد الله بن مسلم الدينوري,"ابن قتيبة، الدينوري","Ibn Qutaybaŧ, al-Dīnawarī, Abū Muḥammad ʿAbd Allāh b. Muslim b. Qutaybaŧ al-Dīnawarī, al-Kūfī, al-Marwazī","Ibn Qutaybaŧ, al-Dīnawarī",Ibn Qutayba Dinawari,276
0277AbuHatimRazi,محمد بن إدريس الحنظلي الرازي,NODATA,Abu Hatim Razi,NODATA,Abu Hatim Razi,277
0277IbnSufyanFasawi,الحافظ أبو يوسف يعقوب بن سفيان الفارسي الفسوي,بن سفيان الفسوي,"b. sufyān al-fasawī, al-ḥāfiẓ abū yūsuf yaʿqūb b. sufyān b. ḥawān al-fārsī al-fasawī",b. sufyān al-fasawī,Ibn Sufyan Fasawi,277
0277MuhammadHunayni,أبو جعفر محمد بن الحسين الحنيني,محمد الحنيني,Muhammad Hunayni,NODATA,Muhammad Hunayni,277
0277YahyaIbnHasanCaqiqi,أبو الحسين يحيى بن الحسن العقيقي,يحيى بن الحسن العقيقي,"Yaḥyá b. al-Ḥasan al-ʿAqīqī, Abū al-Ḥusayn Yaḥyá b. al-Ḥasan b. Ǧaʿfar al-ʿAqīqī",Yaḥyá b. al-Ḥasan al-ʿAqīqī,Yahya Ibn Hasan Caqiqi,277
0278IbnMarthadTabarani,الواحدي,هاشم بن مرثد الطبراني,Ibn Marthad Tabarani,NODATA,Ibn Marthad Tabarani,278
0279Baladhuri,أبو الحسن أحمد بن يحيى,بلاذري,"Balāḏurī, Abū al-Ḥasan Aḥmad b. Yaḥyá b. Jābir b. Dāwůd",Balāḏurī,Baladhuri,279
0279IbnAbiKhaythama,أبو بكر أحمد بن زهير,ابن أبي خيثمة,"Ibn Abī Ḫayṯamaŧ, Abū Bakr Aḥmad b. Zuhayr b. Ḥarb",Ibn Abī Ḫayṯamaŧ,Ibn Abi Khaythama,279
0279Tirmidhi,أبو طالب القاضي,NODATA,Tirmidhi,NODATA,Tirmidhi,279
0280AbuCabbasBirti,أحمد بن محمد البرتي,البرتي,Abu Cabbas Birti,NODATA,Abu Cabbas Birti,280
0280CuthmanIbnSacidDarimi,أبو سعيد عثمان بن سعيد السجستاني الدارمي,عثمان بن سعيد الدارمي,"ʿUṯmān b. Saʿīd al-Dārimī, Abū Saʿīd ʿUṯmān b. Saʿīd b. Ḫālid b. Saʿīd al-Sijistānī al-Dārimī",ʿUṯmān b. Saʿīd al-Dārimī,Cuthman Ibn Sacid Darimi,280
0280HudHawwari,الهواري,NODATA,Hud Hawwari,NODATA,Hud Hawwari,280
0280IbnIsmacilKirmani,الواحدي,حرب بن إسماعيل الكرماني,Ibn Ismacil Kirmani,NODATA,Ibn Ismacil Kirmani,280
0280IbnTayfur,أبو الفضل أحمد بن أبي طاهر المروذي الكاتب,ابن طيفور,"Ibn Ṭayfūr, Abū al-Faḍl Aḥmad b. Abī Ṭāhir al-Marwḏī al-Kātib",Ibn Ṭayfūr,Ibn Tayfur,280
0281AbuCamrHilalRaqqi,أبو عمر هلال بن العلاء الباهلي القتبي الرقي,NODATA,Abu Camr Hilal Raqqi,NODATA,Abu Camr Hilal Raqqi,281
0281AbuZurcaDimashqi,عبد الرحمن بن عمرو النصري المشهور بأبي زرعة الدمشقي الملقب بشيخ الشباب,NODATA,Abu Zurca Dimashqi,NODATA,Abu Zurca Dimashqi,281
0281IbnAbiDunya,الحافظ أبو بكر عبد الله بن محمد البغدادي,ابن أبي الدنيا,"Ibn Abī al-Dunyā, al-Ḥāfiẓ Abū Bakr ʿAbd Allāh b. Muḥammad b. ʿUbayd b. Sufyān b. Qays al-Baġdādī, al-Umawī, al-Qurašī",Ibn Abī al-Dunyā,Ibn Abi Dunya,281
0281IbnDizilHamdani,إبراهيم بن الحسين الهمداني الكسائي المعروف بابن ديزيل (281 هـ),NODATA,Ibn Dizil Hamdani,NODATA,Ibn Dizil Hamdani,281
0282AbuHanifaDinawari,الدينوري,NODATA,Abu Hanifa Dinawari,NODATA,Abu Hanifa Dinawari,282
0282IbnAbiUsamaTamimi,الحارث بن أبي أسامة / الحافظ نور الدين الهيثمي,الحارث / الهيثمي,Ibn Abi Usama Tamimi,NODATA,Ibn Abi Usama Tamimi,282
0282IbnHarbCaskari,أبو إسحاق إبراهيم بن حرب العسكري,NODATA,Ibn Harb Caskari,NODATA,Ibn Harb Caskari,282
0282IbnIshaqJahdami,القاضي أبو إسحاق إسماعيل بن إسحاق الأزدي البصري ثم البغدادي المالكي الجهضمي,NODATA,Ibn Ishaq Jahdami,NODATA,Ibn Ishaq Jahdami,282
0283AbuIshaqThaqafi,إبراهيم بن محمد الثقفي,NODATA,Abu Ishaq Thaqafi,NODATA,Abu Ishaq Thaqafi,283
0283BaghandiKabir,الباغندي الكبير محمد بن سليمان الباغندي,NODATA,Baghandi Kabir,NODATA,Baghandi Kabir,283
0283CamrusIbnFath,عمروس بن فتح النفوسي,NODATA,Camrus Ibn Fath,NODATA,Camrus Ibn Fath,283
0283IbnIbrahimKhuttali,إسحاق بن إبراهيم أبو القاسم الختلي,NODATA,Ibn Ibrahim Khuttali,NODATA,Ibn Ibrahim Khuttali,283
0283IbnRumi,ابن الرومي,NODATA,Ibn Rumi,NODATA,Ibn Rumi,283
0283SahlTustari,التستري,NODATA,Sahl Tustari,NODATA,Sahl Tustari,283
0284Bandaniji,البندنيجي,"أبو بشر، اليمان بن أبي اليمان البندنيجي، (المتوفى: 284 ه)",Bandaniji,NODATA,Bandaniji,284
0284Buhturi,البحتري,NODATA,Buhturi,NODATA,Buhturi,284
0284MuhammadIbnQasimRassi,لإمام محمد بن القاسم عليهم السلام,لإمام محمد بن القاسم بن إبراهيم بن اسماعيل بن إبراهيم بن الحسن بن الحسن بن علي بن أبي طالب عليهم السلام,Muhammad Ibn Qasim Rassi,NODATA,Muhammad Ibn Qasim Rassi,284
0284YazidIbnHaythamDaqqaq,يزيد الدقاق,الواحدي,Yazid Ibn Haytham Daqqaq,NODATA,Yazid Ibn Haytham Daqqaq,284
0285IbnIbrahimSancani,أبو يعقوب إسحاق بن إبراهيم الصنعاني الدبري,NODATA,Ibn Ibrahim Sancani,NODATA,Ibn Ibrahim Sancani,285
0285IbnYazidMubarrad,أبو لعباس محمد بن يزيد الأزدي الثمالي المبرد,ابن يزيد المبرد,"Ibn Yazīd al-Mubarrad, Abū l-ʿAbbās Muḥammad b. Yazīd b. ʿAbd al-Akbar b. ʿUmayr b. Ḥasān b. Salīm b. Saʿd b. ʿAbdallāh b. Zayd b. Mālik b. al-Ḥāriṯ b. ʿĀmir b. ʿAbdallāh b. Bilāl b. ʿAwf b. Aslam b. Kaʿb b. al-Ḥāriṯ b. Kaʿb b. ʿAbdallāh b. Mālik b. al-Naḍr b. al-Azad b. al-Ġawṯ al-Azdī al-Ṯimālī al-Mubarrad",Ibn Yazīd al-Mubarrad,Ibn Yazid Mubarrad,285
0285IbrahimHarbi,الحربي,إبراهيم بن إسحاق الحربي أبو إسحاق,Ibrahim Harbi,NODATA,Ibrahim Harbi,285
0286AbuHasanMakki,أبو عبيد القاسم بن سلام,الواحدي,Abu Hasan Makki,NODATA,Abu Hasan Makki,286
0286IbnHakamHibari,الحبري,NODATA,Ibn Hakam Hibari,NODATA,Ibn Hakam Hibari,286
0286IbnWaddahQurtubi,أبو عبد الله محمد بن وضاح المرواني القرطبي,NODATA,Ibn Waddah Qurtubi,NODATA,Ibn Waddah Qurtubi,286
0287IbnAbiCasim,أحمد بن عمرو الشيباني,ابن أبي عاصم,"Ibn Abī ʿĀṣim, Aḥmad b. ʿAmr*w b. al-Ḍaḥḥāk b. Ma_hlad b. al-Ḍaḥḥāk b. Muslim b. al-Ḍaḥḥāk al-^Saybānī",Ibn Abī ʿĀṣim,Ibn Abi Casim,287
0288ThabitIbnQurra,ثابت بن قرة,ثابت ابن قرة,"Ṯābit ibn Qurraŧ, Ṯābit b. Qurraŧ",Ṯābit ibn Qurraŧ,Thabit Ibn Qurra,288
0288Ushnandani,الأشنانداني,NODATA,Ushnandani,NODATA,Ushnandani,288
0289YahyaBinCumarAndalusi,أبو زكريا الكناني,الفقيه أبي زكريا يحيى بن عمر بن يوسف الكناني الأندلسي (213 - 289ه),Yahya Bin Cumar Andalusi,NODATA,Yahya Bin Cumar Andalusi,289
0290IbnAhmadIbnHanbal,أبو عبد الرحمان عبد الله بن أحمد الشيباني,NODATA,Abū ʿAbd al-Raḥmān ʿAbd Allāh b. Aḥmad b. Muḥammad b. Ḥanbal al-Šaybānī,NODATA,Ibn Ahmad Ibn Hanbal,290
0290IbnCaliKhuyutiAbbar,أبو العباس أحمد بن علي الأبار,NODATA,Ibn Cali Khuyuti Abbar,NODATA,Ibn Cali Khuyuti Abbar,290
0290IbnHasanSaffar,محمد بن حسن الصفار,NODATA,Ibn Hasan Saffar,NODATA,Ibn Hasan Saffar,290
0290IbnMansurMuradi,محمد بن منصور المرادي,NODATA,Ibn Mansur Muradi,NODATA,Ibn Mansur Muradi,290
0290MufaddalIbnSalama,المفضل بن سلمة,NODATA,Mufaddal Ibn Salama,NODATA,Mufaddal Ibn Salama,290
0291IbnYahyaThaclab,أحمد بن يحيى الشيباني بالولاء,NODATA,Ibn Yahya Thaclab,NODATA,Ibn Yahya Thaclab,291
0292AbuBakrBazzar,أبو بكر أحمد بن عمرو الله العتكي المعروف بالبزار,NODATA,Abu Bakr Bazzar,NODATA,Abu Bakr Bazzar,292
0292Bahshal,أبو حسن أسلم بن سهل الرزاز الواصطي,بحشل الواصطي,"baḥšal al-wāṣiṭī, abū ḥassan aslam b. sahl b. ḥabīb al-razāz al-wāṣiṭī",baḥšal al-wāṣiṭī,Bahshal,292
0292IbnCaliMarwazi,أبو بكر أحمد بن علي الأموي المروزي,NODATA,Ibn Cali Marwazi,NODATA,Ibn Cali Marwazi,292
0292SacidBardhaci,أبو زرعة,عبيد الله بن عبد الكريم بن يزيد الرازي أبو زرعة,Sacid Bardhaci,NODATA,Sacid Bardhaci,292
0292Yacqubi,الكاتب العباسي أبوالعباس أحمد بن أبي يعقوب اليعقوبي,"اليعقوبي، ابن واضح الأخباري","al-Yaʿqūbī, Ibn Wāḍiḥ al-Aḫbārī, al-Kātib al-ʿAbbāsī Abū-al-ʿAbbās Aḥmad b. Abī Yaʿqūb b. Ǧaʿfar b. Wahb b. Wāḍiḥ al-Yaʿqūbī","al-Yaʿqūbī, Ibn Wāḍiḥ al-Aḫbārī",Yacqubi,292
0294IbnDurays,أبو عبد الله محمد بن أيوب الضريس البجلي الرازي,NODATA,Ibn Durays,NODATA,Ibn Durays,294
0294IbnHarunBazzaz,أبو عمران موسى بن هارون البزاز,NODATA,Abū ʿImrān Mūsá b. Hārūn b. ʿAbd Allāh al-Bazzāz,NODATA,Ibn Harun Bazzaz,294
0294IbnNasrMarwazi,محمد بن نصر المروزي أبو عبد الله,المروزي,Ibn Nasr Marwazi,NODATA,Ibn Nasr Marwazi,294
0295AbuJacfarTirmidhi,أبو جعفر الترمذي محمد بن أحمد الشافعي الترمذي الرملي الفقيه,NODATA,Abu Jacfar Tirmidhi,NODATA,Abu Jacfar Tirmidhi,295
0295IbnHasanHarrani,عبد الله بن الحسن أحمد,NODATA,Ibn Hasan Harrani,NODATA,Ibn Hasan Harrani,295
0296IbnMuctazz,أبو العباس,NODATA,Ibn Muctazz,NODATA,Ibn Muctazz,296
0296MuhammadIbnJarrah,أبو عبد الله محمد بن داود,NODATA,Muhammad Ibn Jarrah,NODATA,Muhammad Ibn Jarrah,296
0297IbnAbiShaybaAbuJacfar,محمد بن عثمان ابن أبي شيبة العبسي أبو جعفر,ابن أبي شيبة,Ibn Abi Shayba Abu Jacfar,NODATA,Ibn Abi Shayba Abu Jacfar,297
0297IbnDawudZahiri,ابن داود الظاهري,أبو بكر محمد بن داود بن علي بن خلف الأصبهاني ثم البغدادي الظاهري (المتوفى : 297هـ),Ibn Dawud Zahiri,NODATA,Ibn Dawud Zahiri,297
0298HadiIlaHaqqYahya,الإمام الهادي يحيى بن الحسين,NODATA,Hadi Ila Haqq Yahya,NODATA,Hadi Ila Haqq Yahya,298
0298IbnCalawayhQattan,أبو محمد الحسن بن علي القطان المعروف بابن علويه,NODATA,Ibn Calawayh Qattan,NODATA,Ibn Calawayh Qattan,298
0298IshaqIbnHunayn,اسحاق بن حنين,اسحاق بن حنين,"Isḥāq b. Ḥunayn, Isḥāq b. Ḥunayn b. Isḥāq",Isḥāq b. Ḥunayn,Ishaq Ibn Hunayn,298
0298Junayd,أبو القاسم الجنيد بن محمد البغدادي,الجنيد,Junayd,NODATA,Junayd,298
0299IbnKaysan,ابن كيسان,NODATA,Ibn Kaysan,NODATA,Ibn Kaysan,299
0300AnonTranslator,مجهول,NODATA,Anon Translator :: (mutarjim majhūl),(mutarjim majhūl),Anon Translator,300
0300Anonymous,مجهول,NODATA,Anonymous,NODATA,Anonymous,300
0300CisaIbnYahya,عيسى بن يحيى,عيسى بن يحيى,"ʿĪsá b. Yaḥyá, ʿĪsá b. Yaḥyá b. Ibrāhīm",ʿĪsá b. Yaḥyá,Cisa Ibn Yahya,300
0300HubayshIbnHasan,أبو الخير حبيش بن الحسن الدمشقي,حبيش بن الحسن,"Ḥubayš b. al-Ḥasan, Abū al-Ḫayr Ḥubayš b. al-Ḥasan b. al-Aʿsam al-Dimašqī",Ḥubayš b. al-Ḥasan,Hubaysh Ibn Hasan,300
0300IbnCisaAshcari,أحمد بن عيسى الأشعري,NODATA,Ibn Cisa Ashcari,NODATA,Ibn Cisa Ashcari,300
0300IbnJacfarHimyari,الحميري القمي,NODATA,Ibn Jacfar Himyari,NODATA,Ibn Jacfar Himyari,300
0300IbnKhurdadhbih,أبو القاسم عبيد الله بن عبد الله (oر أحمد),ابن خرداذبه,"Ibn Ḫurdāḏbih, Abū al-Qāsim ʿUbayd Al-lãh b. ʿAbd Al-lãh (or Aḥmad) b. Ḫurdāḏbih",Ibn Ḫurdāḏbih,Ibn Khurdadhbih,300
0300IbnRusta,أبو علي أحمد بن عمر,ابن رسته,"Ibn Rustah, Abū ʿAlī Aḥmad b. ʿUmar b. Rustah",Ibn Rustah,Ibn Rusta,300
0300IbnSacidKufi,الحسين بن سعيد,NODATA,Ibn Sacid Kufi,NODATA,Ibn Sacid Kufi,300
0300IbnShahdaKarkhi,الكرخي,ابن شهدا الكرخي,"Ibn Šahdā al-Karḫī, al-Karḫī",Ibn Šahdā al-Karḫī,Ibn Shahda Karkhi,300
0300IbnSulaymanKufi,محمد بن سليمان الكوفي‏,NODATA,Ibn Sulayman Kufi,NODATA,Ibn Sulayman Kufi,300
0300IbnZakariyaHajari,الهجري,"أبو علي الهجري ، هارون بن زكريا (المتوفى : نحو 300هـ)",Ibn Zakariya Hajari,NODATA,Ibn Zakariya Hajari,300
0300IshaqRuhawi,اسحاق بن علي الرهاوي,اسحاق بن علي الرهاوي,"Isḥāq b. ʿAlī al-Ruhāwī, Isḥāq b. ʿAlī al-Ruhāwī",Isḥāq b. ʿAlī al-Ruhāwī,Ishaq Ruhawi,300
0300QustaIbnLuqa,قسطا بن لوقا البعلبكي,قسطا بن لوقا,"Qusṭā b. Lūqā, Qusṭā b. Lūqā al-Baʿlabakkī",Qusṭā b. Lūqā,Qusta Ibn Luqa,300
0301AbuBakrFaryabi,أبو بكر جعفر بن محمد الفريابي,NODATA,Abu Bakr Faryabi,NODATA,Abu Bakr Faryabi,301
0301Bardiji,أبو بكر أحمد بن هارون البرديجي,NODATA,Bardiji,NODATA,Bardiji,301
0301IbnIdrisAnsari,أبو علي الحسين بن إدريس الأنصاري,NODATA,Ibn Idris Ansari,NODATA,Ibn Idris Ansari,301
0301MuhammadIbnAhmadMaqdami,المقدمي,"محمد بن أحمد بن محمد، أبو عبد الله المقدمي (المتوفى: 301ه)",Muhammad Ibn Ahmad Maqdami,NODATA,Muhammad Ibn Ahmad Maqdami,301
0302AbuMuhammadAshyabBaghdadi,القاسم بن موسى الأشيب أبو محمد البغدادي,NODATA,Abu Muhammad Ashyab Baghdadi,NODATA,Abu Muhammad Ashyab Baghdadi,302
0302QasimCawfi,قاسم بن ثابت العوفي السرقسطي,NODATA,Qasim Cawfi,NODATA,Qasim Cawfi,302
0303IbnSufyanNasawi,أبو العباس الحسن بن سفيان الشيباني,ابن سفيان النسوي,"Ibn Sufyān al-Nasawī, Abū al-ʿAbbās al-Ḥasan b. Sufyān b. ʿĀmir b. ʿAbd al-ʿAzīz b. al-Nuʿmān al-Šaybānī, al-Ḫurāsānī, al-Nasawī",Ibn Sufyān al-Nasawī,Ibn Sufyan Nasawi,303
0303Nasai,القاضي أبو عبد الرحمان أحمد بن شعيب,النسائي,"al-Nasā'ī, al-Qāḍī Abū ʿAbd al-Raḥmān Aḥmad b. Šuʿayb b. ʿAlī b. Sinān b. Baḥr b. Dīnār",al-Nasā'ī,Nasai,303
0304HasanUtrush,الإمام الناصرللحق الحسن بن علي الأطروش,الإمام الناصرللحق الأطروش الحسن بن علي,Hasan Utrush,NODATA,Hasan Utrush,304
0304YamutIbnMuzarrac,يموت بن المزرع,"يموت بن المزرع العبدي، من عبد القيس، البصري، أبو بكر (المتوفى : 304هـ)",Yamut Ibn Muzarrac,NODATA,Yamut Ibn Muzarrac,304
0305AbuCuthmanDimashqi,أبو عثمان سعيد بن يعقوب الدمشقي,أبو عثمان الدمشقي,"Abū ʿUṯmān al-Dimašqī, Abū ʿUṯmān Saʿīd b. Yaʿqūb al-Dimašqī",Abū ʿUṯmān al-Dimašqī,Abu Cuthman Dimashqi,305
0305IbnZakariyaMutarriz,أبو بكر القاسم بن زكريا البغدادي,NODATA,Ibn Zakariya Mutarriz,NODATA,Ibn Zakariya Mutarriz,305
0306CumarIbnSurayj,عمر بن سريج,NODATA,Cumar Ibn Surayj,NODATA,Cumar Ibn Surayj,306
0306Wakic,محمد بن خلف,NODATA,Wakic,NODATA,Wakic,306
0307AbuYaclaMawsili,أبو يعلى أحمد بن علي التميمي,NODATA,Abu Yacla Mawsili,NODATA,Abu Yacla Mawsili,307
0307IbnHarunRuyani,الروياني,محمد بن هارون الروياني أبو بكر,Ibn Harun Ruyani,NODATA,Ibn Harun Ruyani,307
0307IbnJarudNaysaburi,عبد الله بن علي أبو محمد النيسابوري,ابن الجارود,Ibn Jarud Naysaburi,NODATA,Ibn Jarud Naysaburi,307
0307IbnKhalafDuri,الهيثم بن خلف الدوري,أبو محمد الهيثم بن خلف الدوري,Ibn Khalaf Duri,NODATA,Ibn Khalaf Duri,307
0308AbuSacidJanadi,المفضل الجندي,المفضل بن محمد بن إبراهيم الجندي أبو سعيد,Abu Sacid Janadi,NODATA,Abu Sacid Janadi,308
0309IbnFadlan,أحمد بن فضلان ابن حماد,NODATA,Ibn Fadlan,NODATA,Ibn Fadlan,309
0309IbnMarzuban,محمد بن خلف بكر المحولي,NODATA,Ibn Marzuban,NODATA,Ibn Marzuban,309
0309KuracNaml,أبو الحسن علي بن الحسن الهنائي,كراع النمل,"Kurāʿ al-Naml, Abū al-Ḥasan ʿAlī b. al-Ḥasan al-Hunāʾī, al-Azdī",Kurāʿ al-Naml,Kurac Naml,309
0310AbuCabbasNayrizi,أبو العباس الفضل بن حاتم النيريزي,أبو العباس النيريزي,"Abū al-ʿAbbās al-Nayrīzī, Abū al-ʿAbbās al-Faḍl b. Ḥātim al-Nayrīzī",Abū al-ʿAbbās al-Nayrīzī,Abu Cabbas Nayrizi,310
0310CabdAllahIbnHusaynRassi,الإمام المجتهد عبد الله بن الحسين الرسي,الإمام المجتهد عبدالله بن الحسين بن القاسم الرسي,Cabd Allah Ibn Husayn Rassi,NODATA,Cabd Allah Ibn Husayn Rassi,310
0310IbnAhmadDulabi,الإمام الحافظ أبو بشر محمد بن أحمد الدولابي,الدولابي,Ibn Ahmad Dulabi,NODATA,Ibn Ahmad Dulabi,310
0310IbnCabbasYazidi,أبو عبد الله محمد بن العباس اليزيدى,اليزيدي,Ibn Cabbas Yazidi,NODATA,Ibn Cabbas Yazidi,310
0310IbnCaliMadaini,أبو علي أحمد بن علي المدائني,NODATA,Ibn Cali Madaini,NODATA,Ibn Cali Madaini,310
0310Nawbakhti,الحسن بن موسى النوبختي,NODATA,Nawbakhti,NODATA,Nawbakhti,310
0310Tabari,أبو جعفر محمد بن جرير الطبري,الطبري,"al-Ṭabarī, Abū Ǧaʿfar Muḥammad b. Ǧarīr b. Yazīd b. Kaṯīr b. Ġālib al-Ṭabarī, al-Āmulī",al-Ṭabarī,Tabari,310
0311AbuBakrKhallal,أبو بكر أحمد بن محمد,الخلال,"al-Ḫallāl, Abū Bakr Aḥmad b. Muḥammad b. Hārūn",al-Ḫallāl,Abu Bakr Khallal,311
0311IbnBajirBajiri,ابن بجير البجيري,أبو حفص عمر بن محمد بن بجير البجيري,Ibn Bajir Bajiri,NODATA,Ibn Bajir Bajiri,311
0311IbnFilBalisi,أبو طاهر الحسن بن أحمد البالسي,NODATA,Ibn Fil Balisi,NODATA,Ibn Fil Balisi,311
0311IbnKhuzaymaNaysaburi,أبو بكر محمد بن إسحاق السلمي النيسابوري,NODATA,Ibn Khuzayma Naysaburi,NODATA,Ibn Khuzayma Naysaburi,311
0311IbnSariZajjaj,إبراهيم بن السري,NODATA,Ibn Sari Zajjaj,NODATA,Ibn Sari Zajjaj,311
0311LaghdaIsfahani,حسن بن عبد الله الأصفهاني,NODATA,Laghda Isfahani,NODATA,Laghda Isfahani,311
0312BaghandiSaghir,الباغندي الصغير,أبو بكر الباغندي (الابن) (محمد بن محمد بن سليمان),Baghandi Saghir,NODATA,Baghandi Saghir,312
0312IbnCaliTusi,أبي علي الحسن بن علي الطوسي,الحافظ الطوسي,Ibn Cali Tusi,NODATA,Ibn Cali Tusi,312
0313IbnIshaqSarraj,السراج الثقفي,أبو العباس محمد بن إسحاق بن إبراهيم بن مهران الخراساني النيسابوري المعروف بالسراج (المتوفى : 313هـ),Ibn Ishaq Sarraj,NODATA,Ibn Ishaq Sarraj,313
0313IbnZakariyyaRazi,أبو بكر,NODATA,Ibn Zakariyya Razi,NODATA,Ibn Zakariyya Razi,313
0313IbnZaydanKufi,أبو محمد عبد الله بن زيدان البجلي,NODATA,Ibn Zaydan Kufi,NODATA,Ibn Zaydan Kufi,313
0314IbnActhamKufi,أحمد بن أعثم الكوفي,NODATA,Ibn Actham Kufi,NODATA,Ibn Actham Kufi,314
0315AkhfashAsghar,علي بن سليمان,NODATA,Akhfash Asghar,NODATA,Akhfash Asghar,315
0315IbnFaydGhassani,أبو الحسن الغساني,NODATA,Ibn Fayd Ghassani,NODATA,Ibn Fayd Ghassani,315
0316AbuCawana,أبو عوانة يعقوب بن إسحاق الإسفراييني,أبو عوانة,Abu Cawana,NODATA,Abu Cawana,316
0316IbnAbiDawudSijistani,أبو بكر بن أبي داود,NODATA,Ibn Abi Dawud Sijistani,NODATA,Ibn Abi Dawud Sijistani,316
0316IbnKhuraym,أبو بكر محمد بن خريم العقيلي,NODATA,Ibn Khuraym,NODATA,Ibn Khuraym,316
0316IbnSarrajNahwi,أبو بكر محمد بن سهل النحوي البغدادي,ابن السراج النحوي,Ibn Sarraj Nahwi,NODATA,Ibn Sarraj Nahwi,316
0316MuhammadMurtada,للإمام المرتضى محمد بن يحي,NODATA,Muhammad Murtada,NODATA,Muhammad Murtada,316
0317AbuQasimBaghawi,أبو القاسم عبد الله بن محمد البغوي,NODATA,Abu Qasim Baghawi,NODATA,Abu Qasim Baghawi,317
0317IbnCammarShahid,أبو الفضل بن عمار الشهيد,NODATA,Ibn Cammar Shahid,NODATA,Ibn Cammar Shahid,317
0317IbnHaythamKufi,بدر بن الهيثم أبو القاسم اللخمي,NODATA,Ibn Haytham Kufi,NODATA,Ibn Haytham Kufi,317
0317IbnJabirBattani,محمد بن جابر الحراني الرقي الصابئ,البتاني,Ibn Jabir Battani,NODATA,Ibn Jabir Battani,317
0317IbnShuqayr,NODATA,NODATA,Ibn Shuqayr,NODATA,Ibn Shuqayr,317
0318AbuCarubaHarrani,أبو عروبة الحسين بن محمد مودود الحراني,أبو عروبة الحراني,Abu Caruba Harrani,NODATA,Abu Caruba Harrani,318
0318IbnAhmadZubayri,الزبيري,أبو عبد الله الزبير بن أحمد بن سليمان الزبيري,Ibn Ahmad Zubayri,NODATA,Ibn Ahmad Zubayri,318
0318IbnMuhammadHashimi,أبو محمد يحيى بن محمد الهاشمي بالولاء البغدادي,NODATA,Ibn Muhammad Hashimi,NODATA,Ibn Muhammad Hashimi,318
0319AbuCabbasTahirTamimi,أبو العباس طاهر بن محمد التميمي,NODATA,Abu Cabbas Tahir Tamimi,NODATA,Abu Cabbas Tahir Tamimi,319
0319AbuQasimBalkhi,NODATA,NODATA,Abu Qasim Balkhi,NODATA,Abu Qasim Balkhi,319
0319AbuQasimKacbi,الكعبي,أبو القاسم عبد الله بن أحمد بن محمود الكعبي البلخي (المتوفى: 319 ه),Abu Qasim Kacbi,NODATA,Abu Qasim Kacbi,319
0319IbnMundhirNaysaburi,الواحدي,أبو بكر محمد بن إبراهيم بن المنذر النيسابوري,Ibn Mundhir Naysaburi,NODATA,Ibn Mundhir Naysaburi,319
0320HakimTirmidhi,الحكيم الترمذي,NODATA,Hakim Tirmidhi,NODATA,Hakim Tirmidhi,320
0320IbnJawsaDimashqi,أبو الحسن أحمد بن عمير الدمشقي,NODATA,Ibn Jawsa Dimashqi,NODATA,Ibn Jawsa Dimashqi,320
0320IbnMascudCayyashi,محمد بن مسعود العياشى,NODATA,Ibn Mascud Cayyashi,NODATA,Ibn Mascud Cayyashi,320
0320IbnMuhammadBayhaqi,إبراهيم بن محمد البيهقي,البيهقي,Ibn Muhammad Bayhaqi,NODATA,Ibn Muhammad Bayhaqi,320
0320Israili,الإسرائيلي,NODATA,Israili,NODATA,Israili,320
0321AbuJacfarTahawi,NODATA,NODATA,Abu Jacfar Tahawi,NODATA,Abu Jacfar Tahawi,321
0321IbnDuraydAzdi,ابن دريد,NODATA,Ibn Durayd Azdi,NODATA,Ibn Durayd Azdi,321
0321Tahawi,أبو جعفر أحمد بن محمد الأزدي الحجري الطحاوي,الطحاوي,"al-Ṭaḥāwī, Abū Ǧaʿfar Aḥmad b. Muḥammad b. Salāmaŧ b. ʿAbd al-malik al-Azdī al-Ḥaǧrī al-Ṭaḥāwī",al-Ṭaḥāwī,Tahawi,321
0322AbuBakrZubayri,أبو بكر محمد بن بشر الزبيري العسكري المعروف بالعكبري المصري,NODATA,Abu Bakr Zubayri,NODATA,Abu Bakr Zubayri,322
0322AbuHatimRazi,NODATA,NODATA,Abu Hatim Razi,NODATA,Abu Hatim Razi,322
0322AbuJacfarCuqayli,أبو جعفر محمد بن عمرو العقيلي المكي,NODATA,Abu Jacfar Cuqayli,NODATA,Abu Jacfar Cuqayli,322
0322CabdAllahMahdi,NODATA,NODATA,Cabd Allah Mahdi,NODATA,Cabd Allah Mahdi,322
0322IbnAbiCawn,أبو اسحاق ابراهيم بن محمد الكاتب البغدادي,ابن أبي عون البغدادي,"Ibn Abī ʿAwn al-Baġdādī, Abū Isḥāq Ibrāhīm b. Muḥammad b. Aḥmad b. Abī ʿAwn al-Kātib al-Baġdādī",Ibn Abī ʿAwn al-Baġdādī,Ibn Abi Cawn,322
0322IbnCabdAllahDhuhali,أحمد بن عبد الله أبو العباس الذهلي,NODATA,Ibn Cabd Allah Dhuhali,NODATA,Ibn Cabd Allah Dhuhali,322
0322IbnTabataba,محمد بن أحمد طباطبا,NODATA,Ibn Tabataba,NODATA,Ibn Tabataba,322
0322KatibBaghdadi,الكاتب البغدادي,NODATA,Katib Baghdadi,NODATA,Katib Baghdadi,322
0322NasirAhmad,الإمام الناصر لدين الله أحمد بن يحيى الهادي,الإمام الناصر لدين الله أحمد بن يحيى الهادي .,Nasir Ahmad,NODATA,Nasir Ahmad,322
0323CaliHimyari,علي بن محمد الحميري,NODATA,Cali Himyari,NODATA,Cali Himyari,323
0323IbnCabdCazizBasri,الجوهري,NODATA,Ibn Cabd Caziz Basri,NODATA,Ibn Cabd Caziz Basri,323
0323Niftawayh,أبو عبد الله إبراهيم بن محمد العتكي الأزدي الواسطي المعروف بنفطويه,NODATA,Niftawayh,NODATA,Niftawayh,323
0324Ashcari,الأشعري,علي بن إسماعيل بن أبي بشر الأشعري أبو الحسن,Ashcari,NODATA,Ashcari,324
0324IbnMuhammadCanbari,أبو بكر أحمد بن محمد العنبري الملحمي,NODATA,Ibn Muhammad Canbari,NODATA,Ibn Muhammad Canbari,324
0324IbnMuhammadNaysaburi,الواحدي,أبو بكر عبد الله بن محمد بن زياد النيسابوري,Ibn Muhammad Naysaburi,NODATA,Ibn Muhammad Naysaburi,324
0324IbnMujahid,أبو بكر أحمد بن موسى البغدادي,ابن مجاهد البغدادي,Ibn Mujahid,NODATA,Ibn Mujahid,324
0325AhmadIbnHadiIlaHaqq,NODATA,NODATA,Ahmad Ibn Hadi Ila Haqq,NODATA,Ahmad Ibn Hadi Ila Haqq,325
0325Anonymous,Alexander of Aphrodisias,NODATA,Anonymous,NODATA,Anonymous,325
0325IbnAbiThalj,ابن أبي الثلج‏,NODATA,Ibn Abi Thalj,NODATA,Ibn Abi Thalj,325
0325IbnCabdSamadBaghdadi,إبراهيم بن عبد الصمد القرشي الهاشمي,NODATA,Ibn Cabd Samad Baghdadi,NODATA,Ibn Cabd Samad Baghdadi,325
0325IbnIshaqWashsha,محمد بن أحمد,NODATA,Ibn Ishaq Washsha,NODATA,Ibn Ishaq Washsha,325
0325IbnMuhammadNaysaburi,أحمد بن محمد النيسابورى,NODATA,Ibn Muhammad Naysaburi,NODATA,Ibn Muhammad Naysaburi,325
0325IbnSahlRazi,أحمد بن سهل الرازي (المتوفي في الربع الأول من القرن الرابع),NODATA,Ibn Sahl Razi,NODATA,Ibn Sahl Razi,325
0325RaqqamBasri,أبو الحسن محمد بن عمران العبدي المعروف بالرقام البصري صاحب ابن دريد,الرقام البصري,Raqqam Basri,NODATA,Raqqam Basri,325
0327AbuBakrKharaiti,أبو بكر محمد بن جعفر الخرائطي,أبو بكر الخرائطي,"Abū Bakr al-Ḫarāʾiṭī, Abū Bakr Muḥammad b. Ǧaʿfar b. Muḥammad b. Sahl al-Ḫarāʾiṭī, al-Sāmirī",Abū Bakr al-Ḫarāʾiṭī,Abu Bakr Kharaiti,327
0327AbuCaliKawkabi,أبو علي الحسين بن القاسم الكوكبي,NODATA,Abu Cali Kawkabi,NODATA,Abu Cali Kawkabi,327
0327IbnAbiHatimRazi,أبو محمد عبد الرحمن بن محمد التميمي,NODATA,Ibn Abi Hatim Razi,NODATA,Ibn Abi Hatim Razi,327
0328AbuBakrIbnAnbari,ابن الأنباري,"أبو بكر، محمد بن القاسم بن محمد بن بشار بن الحسن بن بيان بن سماعة بن فروة بن قطن بن دعامة الأنباري (المتوفى: 328ه)",Abu Bakr Ibn Anbari,NODATA,Abu Bakr Ibn Anbari,328
0328AbuBishrIbnYunus,أبو بشر متى بن يونس القنائي,أبو بشر متى بن يونس,"Abū Bišr Mattá b. Yūnus, Abū Bišr Mattá b. Yūnus al-Qunnāʾī",Abū Bišr Mattá b. Yūnus,Abu Bishr Ibn Yunus,328
0328IbnCabdRabbih,أبو عمر محمد بن محمد,ابن عبد ربه,"Ibn ʿAbd Rabbih, Abū ʿUmar Muḥammad b. Muḥammad b. ʿAbd Rabbih",Ibn ʿAbd Rabbih,Ibn Cabd Rabbih,328
0329AbuBakrIbnBahlul,NODATA,NODATA,Abu Bakr Ibn Bahlul,NODATA,Abu Bakr Ibn Bahlul,329
0329Barbahari,الحسن بن علي البربهاري أبو محمد,البربهاري,Barbahari,NODATA,Barbahari,329
0329IbnAhmadRabaci,أبو محمد عبد الله بن أحمد الربعي,NODATA,Ibn Ahmad Rabaci,NODATA,Ibn Ahmad Rabaci,329
0329IbnBabawayhAli,علي بن بابويه,NODATA,Ibn Babawayh Ali,NODATA,Ibn Babawayh Ali,329
0329IbnCumarKashshi,أبو عمرو محمد بن عمر الكشي,NODATA,Ibn Cumar Kashshi,NODATA,Ibn Cumar Kashshi,329
0329IbnIbrahimQummi,NODATA,NODATA,Ibn Ibrahim Qummi,NODATA,Ibn Ibrahim Qummi,329
0329IbnMuhammadMarwaziHamid,أبو القاسم عبد الله بن محمد المروزي (الحامض),المروزي (الحامض),Ibn Muhammad Marwazi Hamid,NODATA,Ibn Muhammad Marwazi Hamid,329
0329IbnYacqubKulayni,ثقة الإسلام أبو جعفر محمد بن يعقوب الكلينيىلكليني الرازي,الكليني,"al-Kulaynī, Ṯiqaŧ al-ʾIslām Abū Ǧaʿfar Muḥammad b. Yaʿqūb b. Isḥāq al-Kulaynī/al-Kulīnī al-Rāzī",al-Kulaynī,Ibn Yacqub Kulayni,329
0330AbuZaydSirafi,أبو زيد حسن بن يزيد السيرافي,NODATA,Abu Zayd Sirafi,NODATA,Abu Zayd Sirafi,330
